timestamp,num_processes,matrix_size,algorithm,execution_time,speedup,efficiency
2025-11-25T18:14:07.975532,1,500,ROW,0.001323,1.0000,100.0000
2025-11-25T18:14:07.975532,1,500,COLUMN,0.000823,1.0000,100.0000
2025-11-25T18:14:07.975532,1,500,BLOCK,0.002108,1.0000,100.0000
2025-11-25T18:14:08.319980,1,1000,ROW,0.005476,1.0000,100.0000
2025-11-25T18:14:08.319980,1,1000,COLUMN,0.004673,1.0000,100.0000
2025-11-25T18:14:08.319980,1,1000,BLOCK,0.005667,1.0000,100.0000
2025-11-25T18:14:08.766193,1,2000,ROW,0.021797,1.0000,100.0000
2025-11-25T18:14:08.766193,1,2000,COLUMN,0.015097,1.0000,100.0000
2025-11-25T18:14:08.766193,1,2000,BLOCK,0.022668,1.0000,100.0000
2025-11-25T18:14:09.391343,1,3000,ROW,0.046376,1.0000,100.0000
2025-11-25T18:14:09.391343,1,3000,COLUMN,0.032922,1.0000,100.0000
2025-11-25T18:14:09.391343,1,3000,BLOCK,0.081555,1.0000,100.0000
2025-11-25T18:14:10.264234,1,4000,ROW,0.071382,1.0000,100.0000
2025-11-25T18:14:10.264234,1,4000,COLUMN,0.067677,1.0000,100.0000
2025-11-25T18:14:10.264234,1,4000,BLOCK,0.151203,1.0000,100.0000
2025-11-25T18:14:11.751363,1,5000,ROW,0.218733,1.0000,100.0000
2025-11-25T18:14:11.751363,1,5000,COLUMN,0.109069,1.0000,100.0000
2025-11-25T18:14:11.751363,1,5000,BLOCK,0.245736,1.0000,100.0000
2025-11-25T18:14:13.328418,1,6000,ROW,0.127833,1.0000,100.0000
2025-11-25T18:14:13.328418,1,6000,COLUMN,0.147354,1.0000,100.0000
2025-11-25T18:14:13.328418,1,6000,BLOCK,0.352418,1.0000,100.0000
2025-11-25T18:14:15.597498,1,7000,ROW,0.273286,1.0000,100.0000
2025-11-25T18:14:15.597498,1,7000,COLUMN,0.206210,1.0000,100.0000
2025-11-25T18:14:15.597498,1,7000,BLOCK,0.434078,1.0000,100.0000
2025-11-25T18:14:17.763533,1,8000,ROW,0.472749,1.0000,100.0000
2025-11-25T18:14:17.763533,1,8000,COLUMN,0.269519,1.0000,100.0000
2025-11-25T18:14:17.763533,1,8000,BLOCK,0.622235,1.0000,100.0000
2025-11-25T18:14:21.156064,1,9000,ROW,0.492608,1.0000,100.0000
2025-11-25T18:14:21.156064,1,9000,COLUMN,0.303751,1.0000,100.0000
2025-11-25T18:14:21.156064,1,9000,BLOCK,0.699879,1.0000,100.0000
2025-11-25T18:14:24.959665,1,10000,ROW,0.624383,1.0000,100.0000
2025-11-25T18:14:24.959665,1,10000,COLUMN,0.387228,1.0000,100.0000
2025-11-25T18:14:24.959665,1,10000,BLOCK,0.831992,1.0000,100.0000
2025-11-25T18:14:30.280471,1,12000,ROW,0.790675,1.0000,100.0000
2025-11-25T18:14:30.280471,1,12000,COLUMN,0.527381,1.0000,100.0000
2025-11-25T18:14:30.280471,1,12000,BLOCK,1.250740,1.0000,100.0000
2025-11-25T18:14:37.547720,1,14000,ROW,1.018219,1.0000,100.0000
2025-11-25T18:14:37.547720,1,14000,COLUMN,0.768061,1.0000,100.0000
2025-11-25T18:14:37.547720,1,14000,BLOCK,1.666723,1.0000,100.0000
2025-11-25T18:14:46.752185,1,16000,ROW,1.176574,1.0000,100.0000
2025-11-25T18:14:46.752185,1,16000,COLUMN,1.170200,1.0000,100.0000
2025-11-25T18:14:46.752185,1,16000,BLOCK,2.208880,1.0000,100.0000
2025-11-25T18:14:58.788906,1,18000,ROW,1.842452,1.0000,100.0000
2025-11-25T18:14:58.788906,1,18000,COLUMN,1.469369,1.0000,100.0000
2025-11-25T18:14:58.788906,1,18000,BLOCK,3.448948,1.0000,100.0000
2025-11-25T18:15:13.233535,1,20000,ROW,1.759458,1.0000,100.0000
2025-11-25T18:15:13.233535,1,20000,COLUMN,1.427561,1.0000,100.0000
2025-11-25T18:15:13.233535,1,20000,BLOCK,4.077680,1.0000,100.0000
2025-11-25T18:15:13.562209,2,500,ROW,0.001576,0.8394,41.9713
2025-11-25T18:15:13.562209,2,500,COLUMN,0.001854,0.4436,22.1807
2025-11-25T18:15:13.562209,2,500,BLOCK,0.001129,1.8678,93.3899
2025-11-25T18:15:13.921228,2,1000,ROW,0.004501,1.2167,60.8371
2025-11-25T18:15:13.921228,2,1000,COLUMN,0.004355,1.0729,53.6429
2025-11-25T18:15:13.921228,2,1000,BLOCK,0.003454,1.6406,82.0297
2025-11-25T18:15:14.533155,2,2000,ROW,0.029583,0.7368,36.8418
2025-11-25T18:15:14.533155,2,2000,COLUMN,0.166419,0.0907,4.5357
2025-11-25T18:15:14.533155,2,2000,BLOCK,0.022132,1.0242,51.2106
2025-11-25T18:15:15.308032,2,3000,ROW,0.073218,0.6334,31.6699
2025-11-25T18:15:15.308032,2,3000,COLUMN,0.107863,0.3052,15.2611
2025-11-25T18:15:15.308032,2,3000,BLOCK,0.074253,1.0983,54.9169
2025-11-25T18:15:16.492164,2,4000,ROW,0.164356,0.4343,21.7157
2025-11-25T18:15:16.492164,2,4000,COLUMN,0.266424,0.2540,12.7010
2025-11-25T18:15:16.492164,2,4000,BLOCK,0.118553,1.2754,63.7703
2025-11-25T18:15:17.780731,2,5000,ROW,0.084707,2.5822,129.1124
2025-11-25T18:15:17.780731,2,5000,COLUMN,0.128639,0.8479,42.3934
2025-11-25T18:15:17.780731,2,5000,BLOCK,0.181259,1.3557,67.7859
2025-11-25T18:15:19.401283,2,6000,ROW,0.143285,0.8922,44.6081
2025-11-25T18:15:19.401283,2,6000,COLUMN,0.201382,0.7317,36.5857
2025-11-25T18:15:19.401283,2,6000,BLOCK,0.222627,1.5830,79.1498
2025-11-25T18:15:20.877646,2,7000,ROW,0.190884,1.4317,71.5844
2025-11-25T18:15:20.877646,2,7000,COLUMN,0.304314,0.6776,33.8811
2025-11-25T18:15:20.877646,2,7000,BLOCK,0.353104,1.2293,61.4660
2025-11-25T18:15:23.361648,2,8000,ROW,0.302311,1.5638,78.1891
2025-11-25T18:15:23.361648,2,8000,COLUMN,0.323958,0.8320,41.5978
2025-11-25T18:15:23.361648,2,8000,BLOCK,0.414747,1.5003,75.0137
2025-11-25T18:15:26.478353,2,9000,ROW,0.285626,1.7247,86.2332
2025-11-25T18:15:26.478353,2,9000,COLUMN,0.405801,0.7485,37.4261
2025-11-25T18:15:26.478353,2,9000,BLOCK,0.535504,1.3070,65.3477
2025-11-25T18:15:30.806309,2,10000,ROW,0.429579,1.4535,72.6739
2025-11-25T18:15:30.806309,2,10000,COLUMN,0.960741,0.4031,20.1525
2025-11-25T18:15:30.806309,2,10000,BLOCK,0.721745,1.1528,57.6375
2025-11-25T18:15:37.566381,2,12000,ROW,1.152484,0.6861,34.3031
2025-11-25T18:15:37.566381,2,12000,COLUMN,1.078084,0.4892,24.4592
2025-11-25T18:15:37.566381,2,12000,BLOCK,1.344645,0.9302,46.5082
2025-11-25T18:15:45.581246,2,14000,ROW,1.104481,0.9219,46.0949
2025-11-25T18:15:45.581246,2,14000,COLUMN,1.125203,0.6826,34.1299
2025-11-25T18:15:45.581246,2,14000,BLOCK,1.558242,1.0696,53.4809
2025-11-25T18:15:55.144416,2,16000,ROW,1.470844,0.7999,39.9966
2025-11-25T18:15:55.144416,2,16000,COLUMN,1.662164,0.7040,35.2011
2025-11-25T18:15:55.144416,2,16000,BLOCK,2.116351,1.0437,52.1860
2025-11-25T18:16:08.840282,2,18000,ROW,2.315538,0.7957,39.7845
2025-11-25T18:16:08.840282,2,18000,COLUMN,2.409858,0.6097,30.4866
2025-11-25T18:16:08.840282,2,18000,BLOCK,2.655333,1.2989,64.9438
2025-11-25T18:16:27.049795,2,20000,ROW,3.295275,0.5339,26.6967
2025-11-25T18:16:27.049795,2,20000,COLUMN,4.209061,0.3392,16.9582
2025-11-25T18:16:27.049795,2,20000,BLOCK,3.534155,1.1538,57.6896
2025-11-25T18:16:27.380313,4,500,ROW,0.000917,1.4429,36.0719
2025-11-25T18:16:27.380313,4,500,COLUMN,0.001033,0.7963,19.9072
2025-11-25T18:16:27.380313,4,500,BLOCK,0.000304,6.9438,173.5946
2025-11-25T18:16:27.775358,4,1000,ROW,0.003344,1.6375,40.9369
2025-11-25T18:16:27.775358,4,1000,COLUMN,0.004323,1.0809,27.0222
2025-11-25T18:16:27.775358,4,1000,BLOCK,0.002965,1.9110,47.7742
2025-11-25T18:16:28.234132,4,2000,ROW,0.021947,0.9932,24.8297
2025-11-25T18:16:28.234132,4,2000,COLUMN,0.021308,0.7085,17.7122
2025-11-25T18:16:28.234132,4,2000,BLOCK,0.014247,1.5911,39.7769
2025-11-25T18:16:28.893771,4,3000,ROW,0.036062,1.2860,32.1506
2025-11-25T18:16:28.893771,4,3000,COLUMN,0.067787,0.4857,12.1417
2025-11-25T18:16:28.893771,4,3000,BLOCK,0.032640,2.4986,62.4651
2025-11-25T18:16:29.950662,4,4000,ROW,0.243862,0.2927,7.3179
2025-11-25T18:16:29.950662,4,4000,COLUMN,0.110995,0.6097,15.2434
2025-11-25T18:16:29.950662,4,4000,BLOCK,0.068498,2.2074,55.1851
2025-11-25T18:16:31.284925,4,5000,ROW,0.141742,1.5432,38.5796
2025-11-25T18:16:31.284925,4,5000,COLUMN,0.197329,0.5527,13.8182
2025-11-25T18:16:31.284925,4,5000,BLOCK,0.182893,1.3436,33.5902
2025-11-25T18:16:33.308774,4,6000,ROW,0.260073,0.4915,12.2882
2025-11-25T18:16:33.308774,4,6000,COLUMN,0.233622,0.6307,15.7684
2025-11-25T18:16:33.308774,4,6000,BLOCK,0.289184,1.2187,30.4666
2025-11-25T18:16:35.753081,4,7000,ROW,0.248808,1.0984,27.4595
2025-11-25T18:16:35.753081,4,7000,COLUMN,0.339269,0.6078,15.1952
2025-11-25T18:16:35.753081,4,7000,BLOCK,0.398423,1.0895,27.2372
2025-11-25T18:16:38.924875,4,8000,ROW,0.238366,1.9833,49.5823
2025-11-25T18:16:38.924875,4,8000,COLUMN,0.341543,0.7891,19.7280
2025-11-25T18:16:38.924875,4,8000,BLOCK,0.590121,1.0544,26.3604
2025-11-25T18:16:42.616752,4,9000,ROW,0.366871,1.3427,33.5682
2025-11-25T18:16:42.616752,4,9000,COLUMN,0.542072,0.5604,14.0088
2025-11-25T18:16:42.616752,4,9000,BLOCK,0.625133,1.1196,27.9892
2025-11-25T18:16:47.121708,4,10000,ROW,0.642377,0.9720,24.2997
2025-11-25T18:16:47.121708,4,10000,COLUMN,0.655621,0.5906,14.7657
2025-11-25T18:16:47.121708,4,10000,BLOCK,0.736452,1.1297,28.2433
2025-11-25T18:16:53.708629,4,12000,ROW,0.891862,0.8865,22.1636
2025-11-25T18:16:53.708629,4,12000,COLUMN,0.970295,0.5435,13.5882
2025-11-25T18:16:53.708629,4,12000,BLOCK,1.238809,1.0096,25.2408
2025-11-25T18:17:02.193281,4,14000,ROW,1.195541,0.8517,21.2920
2025-11-25T18:17:02.193281,4,14000,COLUMN,1.671299,0.4596,11.4890
2025-11-25T18:17:02.193281,4,14000,BLOCK,1.943789,0.8575,21.4365
2025-11-25T18:17:14.023127,4,16000,ROW,1.755294,0.6703,16.7575
2025-11-25T18:17:14.023127,4,16000,COLUMN,1.815567,0.6445,16.1134
2025-11-25T18:17:14.023127,4,16000,BLOCK,2.178068,1.0141,25.3537
2025-11-25T18:17:29.931380,4,18000,ROW,2.336484,0.7886,19.7139
2025-11-25T18:17:29.931380,4,18000,COLUMN,3.815133,0.3851,9.6286
2025-11-25T18:17:29.931380,4,18000,BLOCK,2.825963,1.2205,30.5113
2025-11-25T18:17:48.808303,4,20000,ROW,3.537540,0.4974,12.4342
2025-11-25T18:17:48.808303,4,20000,COLUMN,3.200938,0.4460,11.1495
2025-11-25T18:17:48.808303,4,20000,BLOCK,3.427250,1.1898,29.7445
2025-11-25T18:17:49.177170,8,500,ROW,0.000989,1.3381,16.7263
2025-11-25T18:17:49.177170,8,500,COLUMN,0.001045,0.7871,9.8392
2025-11-25T18:17:49.177170,8,500,BLOCK,0.000325,6.4945,81.1817
2025-11-25T18:17:49.550035,8,1000,ROW,0.003516,1.5576,19.4695
2025-11-25T18:17:49.550035,8,1000,COLUMN,0.004553,1.0262,12.8277
2025-11-25T18:17:49.550035,8,1000,BLOCK,0.002357,2.4041,30.0510
2025-11-25T18:17:50.044978,8,2000,ROW,0.022548,0.9667,12.0841
2025-11-25T18:17:50.044978,8,2000,COLUMN,0.030865,0.4891,6.1139
2025-11-25T18:17:50.044978,8,2000,BLOCK,0.013720,1.6522,20.6528
2025-11-25T18:17:50.729235,8,3000,ROW,0.050071,0.9262,11.5776
2025-11-25T18:17:50.729235,8,3000,COLUMN,0.066983,0.4915,6.1437
2025-11-25T18:17:50.729235,8,3000,BLOCK,0.027983,2.9145,36.4308
2025-11-25T18:17:51.847399,8,4000,ROW,0.138957,0.5137,6.4213
2025-11-25T18:17:51.847399,8,4000,COLUMN,0.122592,0.5521,6.9007
2025-11-25T18:17:51.847399,8,4000,BLOCK,0.056456,2.6783,33.4781
2025-11-25T18:17:53.207727,8,5000,ROW,0.173474,1.2609,15.7613
2025-11-25T18:17:53.207727,8,5000,COLUMN,0.155630,0.7008,8.7603
2025-11-25T18:17:53.207727,8,5000,BLOCK,0.084281,2.9157,36.4461
2025-11-25T18:17:55.477114,8,6000,ROW,0.304565,0.4197,5.2466
2025-11-25T18:17:55.477114,8,6000,COLUMN,0.328700,0.4483,5.6037
2025-11-25T18:17:55.477114,8,6000,BLOCK,0.322598,1.0924,13.6555
2025-11-25T18:17:58.660603,8,7000,ROW,0.302337,0.9039,11.2989
2025-11-25T18:17:58.660603,8,7000,COLUMN,0.724182,0.2847,3.5594
2025-11-25T18:17:58.660603,8,7000,BLOCK,0.590973,0.7345,9.1814
2025-11-25T18:18:01.956158,8,8000,ROW,0.594592,0.7951,9.9385
2025-11-25T18:18:01.956158,8,8000,COLUMN,0.567929,0.4746,5.9320
2025-11-25T18:18:01.956158,8,8000,BLOCK,0.712142,0.8738,10.9219
2025-11-25T18:18:06.683535,8,9000,ROW,0.763342,0.6453,8.0666
2025-11-25T18:18:06.683535,8,9000,COLUMN,0.735221,0.4131,5.1643
2025-11-25T18:18:06.683535,8,9000,BLOCK,0.752322,0.9303,11.6286
2025-11-25T18:18:12.484881,8,10000,ROW,0.839221,0.7440,9.3000
2025-11-25T18:18:12.484881,8,10000,COLUMN,0.800657,0.4836,6.0455
2025-11-25T18:18:12.484881,8,10000,BLOCK,0.910108,0.9142,11.4271
2025-11-25T18:18:20.623309,8,12000,ROW,1.189526,0.6647,8.3087
2025-11-25T18:18:20.623309,8,12000,COLUMN,1.248308,0.4225,5.2810
2025-11-25T18:18:20.623309,8,12000,BLOCK,1.426070,0.8771,10.9632
2025-11-25T18:18:30.825238,8,14000,ROW,1.518843,0.6704,8.3799
2025-11-25T18:18:30.825238,8,14000,COLUMN,1.651771,0.4650,5.8124
2025-11-25T18:18:30.825238,8,14000,BLOCK,2.343274,0.7113,8.8910
2025-11-25T18:18:45.226926,8,16000,ROW,2.012122,0.5847,7.3093
2025-11-25T18:18:45.226926,8,16000,COLUMN,2.181576,0.5364,6.7050
2025-11-25T18:18:45.226926,8,16000,BLOCK,2.753567,0.8022,10.0274
2025-11-25T18:19:02.204854,8,18000,ROW,2.374410,0.7760,9.6995
2025-11-25T18:19:02.204854,8,18000,COLUMN,3.024573,0.4858,6.0726
2025-11-25T18:19:02.204854,8,18000,BLOCK,3.271374,1.0543,13.1785
2025-11-25T18:19:23.717332,8,20000,ROW,3.262499,0.5393,6.7412
2025-11-25T18:19:23.717332,8,20000,COLUMN,3.606855,0.3958,4.9474
2025-11-25T18:19:23.717332,8,20000,BLOCK,4.045998,1.0078,12.5979
